H1;H2;H3;MainImage;Canonical;MetaDescription
Гайд по SEO-текстам: как собрать ключи и создать контент, который привлечет посетителей;Что такое SEO-текст;Выбираем тип публикации и определяемся с темой;https://blog.promopult.ru/wp-content/uploads/2024/02/обложка-статьи-4.png;https://blog.promopult.ru/seo/gajd-po-seo-tekstam.html;Что такое SEO копирайтинг и для чего нужна оптимизация текстов под поисковые запросы. Как написать качественный, информативный и полезный текст для продвижения сайта.
;Требования к качественным SEO-текстам;Собираем ключевые слова;https://blog.promopult.ru/wp-content/uploads/2024/05/image-724423477.png;;
;Как писать SEO-тексты: пошаговая инструкция;Анализируем тексты конкурентов;https://blog.promopult.ru/wp-content/uploads/2024/02/gajd-po-seo-tekstam-1-1024x467.png;;
;Вычитываем и проверяем текст в онлайн-сервисах;Составляем структуру текста;https://blog.promopult.ru/wp-content/uploads/2024/02/gajd-po-seo-tekstam-2-1024x787.png;;
;Анализ эффективности текста в Метрике и GA;Собираем информацию;https://blog.promopult.ru/wp-content/uploads/2024/02/gajd-po-seo-tekstam-3-1024x713.png;;
;5 советов, как улучшить качество текстов;Пишем SEO-текст;https://blog.promopult.ru/wp-content/uploads/2024/02/gajd-po-seo-tekstam-4-1024x593.png;;
;Ещё на эту тему;Распределяем ключи;https://blog.promopult.ru/wp-content/uploads/2024/02/gajd-po-seo-tekstam-5-1024x437.png;;
;Как улучшить коммерческие факторы ранжирования сайта;Добавляем изображения;https://blog.promopult.ru/wp-content/uploads/2024/02/gajd-po-seo-tekstam-6-1024x478.png;;
;Базовые принципы внутренней оптимизации сайта;Используем нейросети;https://blog.promopult.ru/wp-content/uploads/2024/02/gajd-po-seo-tekstam-7-1024x639.png;;
;Как собрать поисковые запросы для продвижения сайта [подробный гайд];Грамматика;https://blog.promopult.ru/wp-content/uploads/2024/02/gajd-po-seo-tekstam-8-1024x660.png;;
;;Уникальность;https://blog.promopult.ru/wp-content/uploads/2024/02/gajd-po-seo-tekstam-9-1024x768.png;;
;;Вода и заспамленность;https://blog.promopult.ru/wp-content/uploads/2024/02/gajd-po-seo-tekstam-10-1024x488.png;;
;;Стилистика;https://blog.promopult.ru/wp-content/uploads/2024/02/gajd-po-seo-tekstam-11-1024x384.png;;
;;Рубрики блога;https://blog.promopult.ru/wp-content/uploads/2024/02/gajd-po-seo-tekstam-12-1024x402.png;;
;;Видео;https://blog.promopult.ru/wp-content/uploads/2024/02/gajd-po-seo-tekstam-13-1024x502.png;;
;;Расписание занятий;https://blog.promopult.ru/wp-content/uploads/2024/02/gajd-po-seo-tekstam-14-1024x464.png;;
;;ЧИТАЮТ СЕЙЧАС;https://blog.promopult.ru/wp-content/uploads/2024/02/gajd-po-seo-tekstam-15-1024x688.png;;
;;Для селлеров и владельцев сайтов:;https://blog.promopult.ru/wp-content/uploads/2022/02/ecom_factors_blog.png;;
;;Бесплатные инструменты;https://blog.promopult.ru/wp-content/uploads/2024/05/image-724423477-150x150.png;;
;;;https://blog.promopult.ru/wp-content/uploads/2021/02/2056122157.png;;
;;;https://blog.promopult.ru/wp-content/uploads/2024/05/image-724423477-150x150.png;;
;;;https://blog.promopult.ru/wp-content/uploads/2020/04/обложка-в-блог.png;;
;;;https://blog.promopult.ru/wp-content/uploads/2024/05/image-724423477-150x150.png;;
;;;https://blog.promopult.ru/wp-content/uploads/2025/01/240х400_х2_12.png;;
;;;https://promopult.tv/files/images/post/5513/760x420.jpg;;
;;;https://promopult.tv/files/images/post/5512/760x420.jpg;;
;;;https://www.cybermarketing.ru/files/images/teaches/hdpi/lecture_448.png;;
;;;https://www.cybermarketing.ru/files/images/teaches/hdpi/lecture_463.png;;
;;;https://www.cybermarketing.ru/files/images/teaches/hdpi/lecture_464.png;;
;;;https://www.cybermarketing.ru/files/images/teaches/hdpi/lecture_441.png;;
;;;https://www.cybermarketing.ru/files/images/teaches/hdpi/lecture_465.png;;
;;;https://blog.promopult.ru/wp-content/uploads/2019/09/обложка-статьи.png;;
;;;https://blog.promopult.ru/wp-content/uploads/2023/05/обложка-статьи-4.png;;
;;;https://blog.promopult.ru/wp-content/uploads/2022/11/обложка-статьи-6.png;;
;;;https://blog.promopult.ru/wp-content/uploads/2024/01/обложка-статьи-2.png;;
;;;https://blog.promopult.ru/wp-content/themes/bsp/assets/images/overlap/bubble.png?v08;;
;;;https://blog.promopult.ru/wp-content/themes/bsp/assets/images/overlap/decor.png;;
;;;https://blog.promopult.ru/wp-content/themes/bsp/assets/images/auto_hold_a_range_of_positions.png;;
;;;https://mc.yandex.ru/watch/2352166;;
;;;"https://top-fwz1.mail.ru/counter?id=3287620;js=na";;
